login-home-task-edit-done-logout,2781
login-home-task-view-done-logout,3311
login-home-task1-edit-done-logout,906
login-home-task1-view-done-logout,1156
login-home-task2-edit-done-logout,5969
login-home-task2-view-done-logout,692
login-home-task3-edit-done-logout,7059
login-home-task3-view-done-logout,396
login-home-account-edit-done-logout,316
login-home-account-view-done-logout,226
login-home-account1-edit-done-logout,87
login-home-account1-view-done-logout,613
login-home-account2-edit-done-logout,245
login-home-account2-view-done-logout,446
login-home-account3-edit-done-logout,229
login-home-account3-view-done-logout,91
login-home-account-product-edit-logout,804
login-home-account-product-view-logout,776
login-home-account-product1-edit-logout,48
login-home-account-product1-view-logout,3892
login-home-account-product2-edit-logout,3250
login-home-account-product2-view-logout,531
login-home-account-product3-edit-logout,252
login-home-account-product3-view-logout,4876
login-home-account-view-logout,476
login-home-account-edit-logout,521
login-home-profile-edit-logout,39
login-home-profile-view-logout,7
login-home-user-profile-edit-logout,8
login-home-user-profile-edit-logout,536
